msg_id,ticker,setup_type,entry_date,entry_time,entry_price,orig_sl,orig_tgt,raw_message
174,NSDL,,2025-09-08,10:32,1323.0,1221.0,,#positional NSDL BUY ABOVE: 1323 SL: 1221 TGT:  Holding Period: 30 days
175,NSDL,,2025-09-08,10:38,1323.0,1221.0,1425.0,#positional NSDL BUY ABOVE: 1323 SL: 1221 TGT: 1425 Holding Period: 30 days
176,RAMCOINDUSTRIES,,2025-09-09,04:28,356.0,,,#positional RAMCO INDUSTRIES  BUY ABOVE: 356 SL:  TGT:  Holding Period: 30 days
178,LALA,,2025-09-09,04:30,25000.0,24600.0,26000.0,#positional LALA BUY ABOVE: 25000 SL: 24600 TGT: 26000 Holding Period: 30 days
180,SHASWAT,MOMENTUM,2025-09-09,04:49,150.0,50.0,,#momentum SHASWAT BUY ABOVE: 150 SL: 50 TGT:  Holding Period: 15 days
183,ACADSV,,2025-09-09,04:51,100.0,95.0,105.0,#positional ACADSV BUY ABOVE: 100 SL: 95 TGT: 105 Holding Period: 30 days
182,ADVADV,REVERSAL,2025-09-09,04:51,20000.0,19800.0,20200.0,#reversal ADVADV BUY ABOVE: 20000 SL: 19800 TGT: 20200 Holding Period: 15 days
187,MBAPL,,2025-09-10,03:18,416.0,390.0,450.0,#positional MBAPL BUY ABOVE: 416 SL: 390 TGT: 450 Holding Period: 30 days
186,FIRSTSOURCEFSL,,2025-09-10,03:18,353.0,340.0,366.0,#positional FIRSTSOURCE(FSL) BUY ABOVE: 353 SL: 340 TGT: 366 Holding Period: 30 days
185,INDIAGLYCOLS,,2025-09-10,03:18,830.0,750.0,910.0,#positional INDIA GLYCOLS BUY ABOVE: 830 SL: 750 TGT: 910 Holding Period: 30 days
188,RADICOKHAITAN,,2025-09-10,03:24,2787.0,2690.0,2884.0,#POSITIONAL RADICO KHAITAN BUY ABOVE: 2787 SL: 2690 TGT: 2884 Holding Period: 30 days
192,DEEPAKFERTILISER,,2025-09-15,03:40,1444.0,1370.0,1518.0,#POSITIONAL DEEPAK FERTILISER BUY ABOVE: 1444 SL: 1370 TGT: 1518 Holding Period: 3 months
191,CRISIL,,2025-09-15,03:40,5090.0,4870.0,5310.0,#POSITIONAL CRISIL BUY ABOVE: 5090 SL: 4870 TGT: 5310 Holding Period: 3 months
190,HONEYWELLAUTOMATION,,2025-09-15,03:40,37535.0,35300.0,39770.0,#POSITIONAL HONEYWELL AUTOMATION BUY ABOVE: 37535 SL: 35300 TGT: 39770 Holding Period: 3 months
189,NATCOPHARMA,,2025-09-15,03:40,865.0,828.0,902.0,#POSITIONAL NATCO PHARMA BUY ABOVE: 865 SL: 828 TGT: 902 Holding Period: 3 months
193,CDSL,,2025-09-15,06:33,1546.0,1420.0,1672.0,#POSITIONAL CDSL BUY ABOVE: 1546 SL: 1420 TGT: 1672 Holding Period: 3 months
196,ABB,,2025-09-15,06:41,5362.0,5300.0,5500.0,#POSITIONAL ABB BUY ABOVE: 5362 SL: 5300 TGT: 5500 Holding Period: 3 months
206,ULTRACEMCO,,2025-09-16,03:38,12481.0,12058.0,12904.0,#POSITIONAL ULTRACEMCO BUY AT: 12481 SL: 12058 TGT: 12904 Holding Period: 30 Days
205,STARCEMENT,,2025-09-16,03:38,275.0,264.0,286.0,#POSITIONAL STAR CEMENT BUY AT: 275 SL: 264 TGT: 286 Holding Period: 30 Days
204,MEDANTA,,2025-09-16,03:38,1335.1,1284.0,1386.0,#POSITIONAL MEDANTA BUY AT: 1335.1 SL: 1284 TGT: 1386 Holding Period: 30 Days
203,JUBLFOOD,,2025-09-16,03:38,636.0,616.0,656.0,#POSITIONAL JUBLFOOD BUY AT: 636 SL: 616 TGT: 656 Holding Period: 30 Days
202,KRISHANAPHOSCHEM,,2025-09-16,03:38,559.0,530.0,588.0,#POSITIONAL KRISHANA PHOSCHEM BUY AT: 559 SL: 530 TGT: 588 Holding Period: 30 Days
201,ESABINDIA,,2025-09-16,03:38,5128.0,4942.0,5314.0,#POSITIONAL ESABINDIA BUY AT: 5128 SL: 4942 TGT: 5314 Holding Period: 30 Days
200,ERIS,,2025-09-16,03:38,1695.0,1628.0,1762.0,#POSITIONAL ERIS  BUY AT: 1695 SL: 1628 TGT: 1762 Holding Period: 30 Days
199,DMART,,2025-09-16,03:38,4750.5,4480.0,5021.0,#POSITIONAL DMART BUY AT: 4750.5 SL: 4480 TGT: 5021 Holding Period: 30 Days
207,STARCEMENT,,2025-09-16,03:45,275.0,264.0,286.0,#POSITIONAL STAR CEMENT BUY AT: 275 SL: 264 TGT: 286 Holding Period: 30 Days
208,DMART,,2025-09-16,03:48,4651.0,4480.0,4822.0,#POSITIONAL DMART BUY AT: 4651 SL: 4480 TGT: 4822 Holding Period: 30 Days
209,ULTRACEMCO,,2025-09-16,03:51,12481.0,12058.0,12904.0,#POSITIONAL ULTRACEMCO BUY AT: 12481 SL: 12058 TGT: 12904 Holding Period: 30 Days
210,UNOMINDA,,2025-09-16,06:27,1331.0,1250.0,1412.0,#POSITIONAL UNOMINDA BUY AT: 1331 SL: 1250 TGT: 1412 Holding Period: 30 Days
212,CEAT,,2025-09-17,03:54,3460.0,3260.0,3660.0,#POSITIONAL CEAT BUY AT: 3460 SL: 3260 TGT: 3660 Holding Period: 30 Days
211,JSWINFRA,,2025-09-17,03:54,328.0,311.0,345.0,#POSITIONAL JSWINFRA BUY AT: 328 SL: 311 TGT: 345 Holding Period: 30 Days
213,KPITTECH,,2025-09-18,03:46,1300.0,1238.0,1362.0,#POSITIONAL KPITTECH BUY AT: 1300 SL: 1238 TGT: 1362 Holding Period: 30 Days
218,ARTEMISMED,REVERSAL,2025-10-01,03:40,235.3,227.5,243.10000000000002,#REVERSAL ARTEMISMED BUY AT: 235.3 SL: 227.5 TGT: 243.10000000000002 Holding Period: 15 days
217,NFL,REVERSAL,2025-10-01,03:40,92.5,90.0,95.0,#REVERSAL NFL BUY AT: 92.5 SL: 90 TGT: 95 Holding Period: 15 days
216,ADANIENSOL,REVERSAL,2025-10-01,03:40,877.0,860.0,894.0,#REVERSAL ADANIENSOL BUY AT: 877 SL: 860 TGT: 894 Holding Period: 15 days
215,PRUDENT,REVERSAL,2025-10-01,03:40,2593.0,2530.0,2656.0,#REVERSAL PRUDENT BUY AT: 2593 SL: 2530 TGT: 2656 Holding Period: 15 days
214,PAYTM,REVERSAL,2025-10-01,03:40,1126.0,1097.0,1155.0,#REVERSAL PAYTM BUY AT: 1126 SL: 1097 TGT: 1155 Holding Period: 15 days
220,AXISBANK,REVERSAL,2025-10-01,03:45,1137.0,1125.0,1149.0,#REVERSAL AXISBANK BUY AT: 1137 SL: 1125 TGT: 1149 Holding Period: 15 days
221,ALKEM,REVERSAL,2025-10-01,03:48,5461.0,5362.0,5560.0,#REVERSAL ALKEM BUY AT: 5461 SL: 5362 TGT: 5560 Holding Period: 15 days
222,COCHINSHIP,REVERSAL,2025-10-01,03:54,1805.0,1762.0,1848.0,#REVERSAL COCHINSHIP BUY AT: 1805 SL: 1762 TGT: 1848 Holding Period: 15 days
223,OLECTRA,REVERSAL,2025-10-01,05:02,1579.0,1530.0,1628.0,#REVERSAL OLECTRA BUY AT: 1579 SL: 1530 TGT: 1628 Holding Period: 15 days
232,VADILALINDUSTRIES,REVERSAL,2025-10-03,03:42,5432.0,5310.0,5554.0,#REVERSAL VADILAL INDUSTRIES BUY AT: 5432 SL: 5310 TGT: 5554 Holding Period: 15 days
231,SHARDAMOTOR,REVERSAL,2025-10-03,03:42,1064.0,1035.0,1093.0,#REVERSAL SHARDA MOTOR BUY AT: 1064 SL: 1035 TGT: 1093 Holding Period: 15 days
230,SHAKTIPUMPS,REVERSAL,2025-10-03,03:42,826.0,813.0,839.0,#REVERSAL SHAKTI PUMPS BUY AT: 826 SL: 813 TGT: 839 Holding Period: 15 days
229,REDTAPE,REVERSAL,2025-10-03,03:42,146.0,142.0,150.0,#REVERSAL REDTAPE BUY AT: 146 SL: 142 TGT: 150 Holding Period: 15 days
228,GUJARATFLUOROCHEM,REVERSAL,2025-10-03,03:42,3720.0,3648.0,3792.0,#REVERSAL GUJARAT FLUOROCHEM BUY AT: 3720 SL: 3648 TGT: 3792 Holding Period: 15 days
227,ASKAUTO,REVERSAL,2025-10-03,03:42,537.0,522.0,552.0,#REVERSAL ASK AUTO BUY AT: 537 SL: 522 TGT: 552 Holding Period: 15 days
226,WELSPUNLIVING,REVERSAL,2025-10-03,03:42,117.5,114.0,121.0,#REVERSAL WELSPUN LIVING BUY AT: 117.5 SL: 114 TGT: 121 Holding Period: 15 days
225,INDOCOUNTINDUSTRIES,REVERSAL,2025-10-03,03:42,272.0,265.0,279.0,#REVERSAL INDO COUNT INDUSTRIES BUY AT: 272 SL: 265 TGT: 279 Holding Period: 15 days
224,KPRMILL,REVERSAL,2025-10-03,03:42,1068.0,1040.0,1096.0,#REVERSAL KPR MILL BUY AT: 1068 SL: 1040 TGT: 1096 Holding Period: 15 days
233,DABUR,,2025-10-03,09:07,496.0,483.0,509.0,#POSITIONAL DABUR BUY AT: 496 SL: 483 TGT: 509 Holding Period: 60 Days
234,KEI,REVERSAL,2025-10-03,09:56,4052.0,3973.0,4191.0,#REVERSAL KEI BUY AT: 4052 SL: 3973 TGT: 4191 Holding Period: 15 days
243,MOTHERSONSUMIWIRING,,2025-10-06,03:43,46.15,45.0,47.3,#POSITIONAL MOTHERSON SUMI WIRING BUY AT: 46.15 SL: 45 TGT: 47.3 Holding Period: 60 Days
242,BAJAJFINANCE,,2025-10-06,03:43,993.0,970.0,1016.0,#POSITIONAL BAJAJ FINANCE BUY AT: 993 SL: 970 TGT: 1016 Holding Period: 60 Days
241,JBMAUTO,,2025-10-06,03:43,689.0,666.0,712.0,#POSITIONAL JBM AUTO BUY AT: 689 SL: 666 TGT: 712 Holding Period: 60 Days
240,JAMNAAUTO,,2025-10-06,03:43,102.0,99.0,105.0,#POSITIONAL JAMNA AUTO  BUY AT: 102 SL: 99 TGT: 105 Holding Period: 60 Days
239,MOTHERSON,,2025-10-06,03:43,107.3,104.0,110.6,#POSITIONAL MOTHERSON BUY AT: 107.3 SL: 104 TGT: 110.6 Holding Period: 60 Days
238,JTEKINDIA,,2025-10-06,03:43,166.0,158.0,174.0,#POSITIONAL JTEK INDIA BUY AT: 166 SL: 158 TGT: 174 Holding Period: 60 Days
237,ASAHIINDIAGLASS,,2025-10-06,03:43,899.0,868.0,930.0,#POSITIONAL ASAHI INDIA GLASS BUY AT: 899 SL: 868 TGT: 930 Holding Period: 60 Days
236,SUPREMEPETROCHEM,,2025-10-06,03:43,858.0,819.0,897.0,#POSITIONAL SUPREME PETROCHEM BUY AT: 858 SL: 819 TGT: 897 Holding Period: 60 Days
235,HAPPYFORGING,,2025-10-06,03:43,930.4,910.0,950.8,#POSITIONAL HAPPY FORGING BUY AT: 930.4 SL: 910 TGT: 950.8 Holding Period: 60 Days
245,GRSE,,2025-10-06,08:59,2742.0,2550.0,2934.0,#POSITIONAL GRSE BUY AT: 2742 SL: 2550 TGT: 2934 Holding Period: 60 Days
246,CHENNAIPETROLEUMCORPORATION,,2025-10-06,09:36,800.0,780.0,820.0,#POSITIONAL CHENNAI PETROLEUM CORPORATION BUY AT: 800 SL: 780 TGT: 820 Holding Period: 60 Days
247,REFEX,,2025-10-07,06:47,365.5,351.0,380.0,#POSITIONAL REFEX BUY AT: 365.5 SL: 351 TGT: 380 Holding Period: 60 Days
251,TRENT,,2025-10-08,03:41,4722.0,4590.0,4854.0,#POSITIONAL TRENT BUY AT: 4722 SL: 4590 TGT: 4854 Holding Period: 60 Days
252,TCS,,2025-10-08,03:53,3006.0,2968.0,3044.0,#POSITIONAL TCS BUY AT: 3006 SL: 2968 TGT: 3044 Holding Period: 60 Days
253,NETWEB,MOMENTUM,2025-10-08,04:26,4436.0,4292.0,4580.0,#MOMENTUM NETWEB BUY AT: 4436 SL: 4292 TGT: 4580 Holding Period: 15 days
254,E2E,,2025-10-08,04:35,3770.0,3630.0,3910.0,#POSITIONAL E2E BUY AT: 3770 SL: 3630 TGT: 3910 Holding Period: 60 Days
255,GRAPHITEINDIA,MOMENTUM,2025-10-09,09:23,602.0,585.0,619.0,#MOMENTUM GRAPHITE INDIA BUY AT: 602 SL: 585 TGT: 619 Holding Period: 15 days
256,SBILIFE,REVERSAL,2025-10-09,09:29,1814.0,1769.0,1859.0,#REVERSAL SBI LIFE BUY AT: 1814 SL: 1769 TGT: 1859 Holding Period: 15 days
258,CCLPRODUCTS,,2025-10-10,03:42,837.5,815.0,860.0,#POSITIONAL CCL PRODUCTS BUY AT: 837.5 SL: 815 TGT: 860 Holding Period: 60 Days
257,BANKOFBARODA,,2025-10-10,03:42,267.0,258.0,276.0,#POSITIONAL BANK OF BARODA  BUY AT: 267 SL: 258 TGT: 276 Holding Period: 60 Days
261,ADANIENTERPRISE,,2025-10-10,03:43,2560.0,2468.0,2652.0,#POSITIONAL ADANI ENTERPRISE BUY AT: 2560 SL: 2468 TGT: 2652 Holding Period: 60 Days
260,JSLL,,2025-10-10,03:43,784.0,743.0,825.0,#POSITIONAL JSLL BUY AT: 784 SL: 743 TGT: 825 Holding Period: 60 Days
259,AMBER,,2025-10-10,03:43,8318.0,7990.0,8646.0,#POSITIONAL AMBER BUY AT: 8318 SL: 7990 TGT: 8646 Holding Period: 60 Days
262,TIMKEN,REVERSAL,2025-10-10,03:49,2984.0,2933.0,3035.0,#REVERSAL TIMKEN BUY AT: 2984 SL: 2933 TGT: 3035 Holding Period: 15 days
263,TATAPOWER,REVERSAL,2025-10-10,03:51,390.0,380.0,400.0,#REVERSAL TATA POWER BUY AT: 390 SL: 380 TGT: 400 Holding Period: 15 days
264,KIRLOSKARINDUSTRIES,,2025-10-10,04:54,3993.0,3865.0,4121.0,#POSITIONAL KIRLOSKAR INDUSTRIES BUY AT: 3993 SL: 3865 TGT: 4121 Holding Period: 60 Days
265,HDFCAMC,,2025-10-13,03:41,5551.5,5430.5,5672.5,#POSITIONAL HDFC AMC BUY AT: 5551.5 SL: 5430.5 TGT: 5672.5 Holding Period: 60 Days
266,PNGADJILJEWELLERS,,2025-10-13,03:54,667.0,634.0,700.0,#POSITIONAL PN GADJIL JEWELLERS BUY AT: 667 SL: 634 TGT: 700 Holding Period: 60 Days
267,DEEPAKNTR,,2025-10-13,04:14,1792.0,1758.0,1826.0,#POSITIONAL DEEPAKNTR BUY AT: 1792 SL: 1758 TGT: 1826 Holding Period: 60 Days
268,VGUARD,REVERSAL,2025-10-13,06:11,352.3,344.75,359.85,#REVERSAL VGUARD BUY AT: 352.3 SL: 344.75 TGT: 359.85 Holding Period: 15 days
273,SAIL,REVERSAL,2025-10-14,03:39,133.35,128.0,138.7,#REVERSAL SAIL BUY AT: 133.35 SL: 128 TGT: 138.7 Holding Period: 15 days
272,ASHOKLEYLAND,REVERSAL,2025-10-14,03:39,138.0,132.0,144.0,#REVERSAL ASHOK LEYLAND BUY AT: 138 SL: 132 TGT: 144 Holding Period: 15 days
271,PNBHOUSING,REVERSAL,2025-10-14,03:39,859.2,842.0,876.4000000000001,#REVERSAL PNB HOUSING BUY AT: 859.2 SL: 842 TGT: 876.4000000000001 Holding Period: 15 days
270,DEEPAKFERTILISERS,REVERSAL,2025-10-14,03:39,1492.5,1453.0,1532.0,#REVERSAL DEEPAK FERTILISERS BUY AT: 1492.5 SL: 1453 TGT: 1532 Holding Period: 15 days
269,ZOTAHEALTHCARE,,2025-10-14,03:39,1468.2,1375.6,1560.8000000000002,#POSITIONAL ZOTA HEALTH CARE BUY AT: 1468.2 SL: 1375.6 TGT: 1560.8000000000002 Holding Period: 60 Days
274,ADANIENTERPRISE,REVERSAL,2025-10-14,03:43,2542.5,2499.0,2586.0,#REVERSAL ADANI ENTERPRISE BUY AT: 2542.5 SL: 2499 TGT: 2586 Holding Period: 15 days
275,ADANIPORTS,MOMENTUM,2025-10-15,05:26,1443.5,1421.0,1480.0,#MOMENTUM ADANI PORTS BUY AT: 1443.5 SL: 1421 TGT: 1480 Holding Period: 15 days
287,SOUTHINDIANBANK,REVERSAL,2025-10-16,03:39,33.1,32.0,34.2,#REVERSAL SOUTH INDIAN BANK  BUY AT: 33.1 SL: 32 TGT: 34.2 Holding Period: 15 days
286,JUBILANTPHARMOVA,REVERSAL,2025-10-16,03:39,1091.0,1030.0,1152.0,#REVERSAL JUBILANT PHARMOVA  BUY AT: 1091 SL: 1030 TGT: 1152 Holding Period: 15 days
285,SHYAMMETALICSANDENERGYLTD,REVERSAL,2025-10-16,03:39,928.5,899.0,958.0,#REVERSAL SHYAM METALICS AND ENERGY LTD. BUY AT: 928.5 SL: 899 TGT: 958 Holding Period: 15 days
284,QPOWER,REVERSAL,2025-10-16,03:39,1004.0,940.0,1068.0,#REVERSAL QPOWER  BUY AT: 1004 SL: 940 TGT: 1068 Holding Period: 15 days
283,GVT&D,REVERSAL,2025-10-16,03:39,2995.7,2909.0,3082.3999999999996,#REVERSAL GVT&D BUY AT: 2995.7 SL: 2909 TGT: 3082.3999999999996 Holding Period: 15 days
282,VARROCENGINEERINGLTD,REVERSAL,2025-10-16,03:39,603.0,580.0,626.0,#REVERSAL VARROC ENGINEERING LTD.  BUY AT: 603 SL: 580 TGT: 626 Holding Period: 15 days
281,WESTCOASTPAPERMILLS,REVERSAL,2025-10-16,03:39,471.1,457.0,485.20000000000005,#REVERSAL WEST COAST PAPER MILLS  BUY AT: 471.1 SL: 457 TGT: 485.20000000000005 Holding Period: 15 days
280,FIRSTCRY,REVERSAL,2025-10-16,03:39,368.0,357.0,379.0,#REVERSAL FIRSTCRY BUY AT: 368 SL: 357 TGT: 379 Holding Period: 15 days
279,VINATIORGANICS,REVERSAL,2025-10-16,03:39,1720.0,1655.0,1775.0,#REVERSAL VINATI ORGANICS BUY AT: 1720 SL: 1655 TGT: 1775 Holding Period: 15 days
278,PARADEEP,REVERSAL,2025-10-16,03:39,180.75,170.0,191.5,#REVERSAL PARADEEP BUY AT: 180.75 SL: 170 TGT: 191.5 Holding Period: 15 days
277,AIIL,REVERSAL,2025-10-16,03:39,3269.0,3148.0,3390.0,#REVERSAL AIIL BUY AT: 3269 SL: 3148 TGT: 3390 Holding Period: 15 days
276,QPOWER,,2025-10-16,03:39,991.5,940.0,1043.0,#POSITIONAL QPOWER BUY AT: 991.5 SL: 940 TGT: 1043 Holding Period: 60 Days
288,MTARTECH,MOMENTUM,2025-10-16,06:48,2204.0,2140.0,2268.0,#MOMENTUM MTAR TECH BUY AT: 2204 SL: 2140 TGT: 2268 Holding Period: 15 days
289,NYKAA,,2025-11-04,03:42,252.0,245.0,259.0,#POSITIONAL NYKAA BUY AT: 252 SL: 245 TGT: 259 Holding Period: 60 Days
290,BLUESTARCO,,2025-11-04,09:39,1920.0,1880.0,1964.0,#POSITIONAL BLUESTARCO BUY AT: 1920 SL: 1880 TGT: 1964 Holding Period: 60 Days
291,IIFLFINANCE,,2025-11-10,04:21,535.0,515.0,555.0,#POSITIONAL IIFL FINANCE BUY AT: 535 SL: 515 TGT: 555 Holding Period: 60 Days
292,BRITANNIA,,2025-11-12,03:44,5965.0,5777.0,6153.0,#POSITIONAL BRITANNIA BUY AT: 5965 SL: 5777 TGT: 6153 Holding Period: 60 Days
294,SAPPHIRE,,2025-11-17,03:39,248.5,241.0,256.0,#POSITIONAL SAPPHIRE BUY AT: 248.5 SL: 241 TGT: 256 Holding Period: 60 Days
293,APOLLOHOSP,,2025-11-17,03:39,7467.0,7375.0,7559.0,#POSITIONAL APOLLOHOSP BUY AT: 7467 SL: 7375 TGT: 7559 Holding Period: 60 Days
295,ACUTAASCHEMICALS,,2025-11-17,03:43,1716.0,1654.0,1777.0,#POSITIONAL ACUTAAS CHEMICALS BUY AT: 1716 SL: 1654 TGT: 1777 Holding Period: 30 Days  #POSITIONAL DCM SHRIRAM LTD. BUY AT: 1247 SL: 1223 TGT: 1273 Holding Period: 30 Days  #POSITIONAL WAREE RENEWABLE TECH BUY AT: 1170 SL: 1136 TGT: 1204 Holding Period: 30 Days  #POSITIONAL CRIZAC BUY AT: 297 SL: 28
296,LAURUSLABS,,2025-11-21,03:56,993.9,970.25,1017.55,#POSITIONAL LAURUSLABS BUY AT: 993.9 SL: 970.25 TGT: 1017.55 Holding Period: 60 Days
297,KIRLOSENG,,2025-11-21,07:27,1181.0,1149.0,1213.0,#POSITIONAL KIRLOSENG BUY AT: 1181 SL: 1149 TGT: 1213 Holding Period: 60 Days
298,APEX,,2025-11-21,09:47,332.0,314.0,,#POSITIONAL APEX BUY AT: 332 SL: 314 TGT:  Holding Period: 60 Days
304,GRAPHITE,,2025-12-01,03:39,557.0,540.0,574.0,#POSITIONAL GRAPHITE BUY AT: 557 SL: 540 TGT: 574 Holding Period: 60 Days
303,BAJFINANCE,,2025-12-01,03:39,1044.0,1030.0,1061.0,#POSITIONAL BAJFINANCE BUY AT: 1044 SL: 1030 TGT: 1061 Holding Period: 60 Days
302,SBICARD,,2025-12-01,03:39,882.0,850.0,914.0,#POSITIONAL SBICARD BUY AT: 882 SL: 850 TGT: 914 Holding Period: 60 Days
301,SHRIPISTON,,2025-12-01,03:39,2620.0,2555.0,2685.0,#POSITIONAL SHRIPISTON BUY AT: 2620 SL: 2555 TGT: 2685 Holding Period: 60 Days
300,RALLIS,,2025-12-01,03:39,266.0,260.0,272.0,#POSITIONAL RALLIS BUY AT: 266 SL: 260 TGT: 272 Holding Period: 60 Days
299,RPGLIFE,,2025-12-01,03:39,2293.0,2190.0,2331.0,#POSITIONAL RPGLIFE BUY AT: 2293 SL: 2190 TGT: 2331 Holding Period: 60 Days
306,CUB,,2025-12-04,03:52,276.5,263.0,290.0,#POSITIONAL CUB BUY AT: 276.5 SL: 263 TGT: 290 Holding Period: 60 Days
305,POWERGRID,,2025-12-04,03:52,269.5,264.0,275.0,#POSITIONAL POWERGRID BUY AT: 269.5 SL: 264 TGT: 275 Holding Period: 60 Days
307,SHRIRAMFIN,,2025-12-04,05:07,831.0,803.0,859.0,#POSITIONAL SHRIRAMFIN BUY AT: 831 SL: 803 TGT: 859 Holding Period: 30 Days
308,AGRITECH,,2025-12-04,05:15,140.0,137.0,143.0,#POSITIONAL AGRITECH BUY AT: 140 SL: 137 TGT: 143 Holding Period: 30 Days
309,GILLETTE,,2025-12-04,09:31,8453.0,8151.0,8755.0,#POSITIONAL GILLETTE BUY AT: 8453 SL: 8151 TGT: 8755 Holding Period: 30 Days
311,CHOLAFIN,,2025-12-05,03:35,1679.0,1640.0,1718.0,#POSITIONAL CHOLAFIN BUY AT: 1679 SL: 1640 TGT: 1718 Holding Period: 30 Days
312,CIGNITITEC,,2025-12-05,03:49,1925.0,1830.0,2020.0,#POSITIONAL CIGNITITEC BUY AT: 1925 SL: 1830 TGT: 2020 Holding Period: 30 Days
313,BHARTIARTL,,2025-12-05,04:42,2109.0,2070.0,2148.0,#POSITIONAL BHARTIARTL BUY AT: 2109 SL: 2070 TGT: 2148 Holding Period: 30 Days
318,VOLTAS,,2025-12-08,03:41,1331.0,1310.0,1352.0,#POSITIONAL VOLTAS BUY AT: 1331 SL: 1310 TGT: 1352 Holding Period: 30 Days
317,ARTEMISMED,,2025-12-08,03:41,271.0,260.0,282.0,#POSITIONAL ARTEMISMED BUY AT: 271 SL: 260 TGT: 282 Holding Period: 30 Days
316,WELCORP,,2025-12-08,03:41,830.0,805.0,855.0,#POSITIONAL WELCORP BUY AT: 830 SL: 805 TGT: 855 Holding Period: 30 Days
315,BPCL,,2025-12-08,03:41,361.6,352.4,370.80000000000007,#POSITIONAL BPCL BUY AT: 361.6 SL: 352.4 TGT: 370.80000000000007 Holding Period: 30 Days
322,GODREJAGRO,,2025-12-09,03:44,586.0,566.0,606.0,#POSITIONAL GODREJAGRO BUY AT: 586 SL: 566 TGT: 606 Holding Period: 30 Days
321,SWANCORP,,2025-12-09,03:44,447.5,430.0,465.0,#POSITIONAL SWANCORP BUY AT: 447.5 SL: 430 TGT: 465 Holding Period: 30 Days
320,MARKSANS,,2025-12-09,03:44,186.5,179.0,194.0,#POSITIONAL MARKSANS BUY AT: 186.5 SL: 179 TGT: 194 Holding Period: 30 Days
319,PRICOLLTD,,2025-12-09,03:44,613.0,591.0,635.0,#POSITIONAL PRICOLLTD BUY AT: 613 SL: 591 TGT: 635 Holding Period: 30 Days
323,PNB,,2025-12-10,03:53,118.15,115.0,121.30000000000001,#POSITIONAL PNB BUY AT: 118.15 SL: 115 TGT: 121.30000000000001 Holding Period: 30 Days
325,JBCHEPHARM,,2025-12-11,03:41,1823.0,1775.0,1871.0,#POSITIONAL JBCHEPHARM BUY AT: 1823 SL: 1775 TGT: 1871 Holding Period: 30 Days
324,WAAREEENER,,2025-12-11,03:41,2926.0,2820.0,3032.0,#POSITIONAL WAAREEENER BUY AT: 2926 SL: 2820 TGT: 3032 Holding Period: 30 Days
329,SAIL,,2025-12-12,03:39,130.35,126.5,134.2,#POSITIONAL SAIL BUY AT: 130.35 SL: 126.5 TGT: 134.2 Holding Period: 30 Days
328,MAXHEALTH,,2025-12-12,03:39,1091.0,1059.0,1123.0,#POSITIONAL MAXHEALTH BUY AT: 1091 SL: 1059 TGT: 1123 Holding Period: 30 Days
327,FORCEMOT,,2025-12-12,03:39,17025.0,16410.0,17640.0,#POSITIONAL FORCEMOT BUY AT: 17025 SL: 16410 TGT: 17640 Holding Period: 30 Days
326,DEEPAKFERT,,2025-12-12,03:39,1235.0,1190.0,1280.0,#POSITIONAL DEEPAKFERT BUY AT: 1235 SL: 1190 TGT: 1280 Holding Period: 30 Days
330,ICICIPRULI,,2025-12-16,03:44,651.25,630.0,672.5,#POSITIONAL ICICIPRULI BUY AT: 651.25 SL: 630 TGT: 672.5 Holding Period: 30 Days
331,OLAELEC,REVERSAL,2025-12-17,03:42,35.15,34.16,36.14,#REVERSAL OLAELEC BUY AT: 35.15 SL: 34.16 TGT: 36.14 Holding Period: 15 days
332,HINDCOPPER,,2025-12-18,03:53,370.0,360.5,384.5,#POSITIONAL HINDCOPPER BUY AT: 370 SL: 360.5 TGT: 384.5 Holding Period: 30 Days
333,TARIL,,2025-12-18,04:06,286.5,278.0,295.0,#POSITIONAL TARIL BUY AT: 286.5 SL: 278 TGT: 295 Holding Period: 30 Days
335,ASIANPAINT,,2025-12-22,03:37,2812.5,2745.0,2890.0,#POSITIONAL ASIANPAINT BUY AT: 2812.5 SL: 2745 TGT: 2890 Holding Period: 30 Days
334,BEL,,2025-12-22,03:37,394.1,380.0,408.20000000000005,#POSITIONAL BEL BUY AT: 394.1 SL: 380 TGT: 408.20000000000005 Holding Period: 30 Days
336,SANSERA,,2025-12-24,03:43,1760.0,1712.0,1808.0,#POSITIONAL SANSERA BUY AT: 1760 SL: 1712 TGT: 1808 Holding Period: 30 Days
337,SANSERA,,2025-12-24,03:44,1761.0,1710.0,1812.0,#POSITIONAL SANSERA BUY AT: 1761 SL: 1710 TGT: 1812 Holding Period: 30 Days
338,ANURAS,,2025-12-24,03:46,1342.0,1297.0,1432.0,#POSITIONAL ANURAS BUY AT: 1342 SL: 1297 TGT: 1432 Holding Period: 30 Days
339,FSL,,2025-12-24,03:58,357.8,353.0,362.6,#POSITIONAL FSL BUY AT: 357.8 SL: 353 TGT: 362.6 Holding Period: 30 Days
340,HCC,,2025-12-24,09:31,18.72,18.5,19.379999999999995,#POSITIONAL HCC BUY AT: 18.72 SL: 18.5 TGT: 19.379999999999995 Holding Period: 30 Days
341,NUVAMA,,2025-12-24,09:37,7610.0,7381.0,7839.0,#POSITIONAL NUVAMA BUY AT: 7610 SL: 7381 TGT: 7839 Holding Period: 30 Days
343,MARUTI,,2026-01-01,08:15,16800.0,16350.0,17250.0,#POSITIONAL MARUTI BUY AT: 16800 SL: 16350 TGT: 17250 Holding Period: 30 Days
342,BAJAJAUTO,,2026-01-01,08:15,9490.0,9200.0,9780.0,#POSITIONAL BAJAJ_AUTO BUY AT: 9490 SL: 9200 TGT: 9780 Holding Period: 30 Days
345,TATASTEEL,,2026-01-06,03:40,187.0,181.5,192.5,#POSITIONAL TATASTEEL BUY AT: 187 SL: 181.5 TGT: 192.5 Holding Period: 30 Days
344,VISHNU,,2026-01-06,03:40,570.0,550.0,590.0,#POSITIONAL VISHNU BUY AT: 570 SL: 550 TGT: 590 Holding Period: 30 Days
351,TRIVENI,,2026-01-08,03:43,376.5,367.0,386.0,#POSITIONAL TRIVENI BUY AT: 376.5 SL: 367 TGT: 386 Holding Period: 30 Days
350,REDTAPE,,2026-01-08,03:43,121.0,117.0,125.0,#POSITIONAL REDTAPE BUY AT: 121 SL: 117 TGT: 125 Holding Period: 30 Days
349,PFC,,2026-01-08,03:43,378.0,370.0,386.0,#POSITIONAL PFC BUY AT: 378 SL: 370 TGT: 386 Holding Period: 30 Days
348,INDIANB,,2026-01-08,03:43,866.0,840.0,892.0,#POSITIONAL INDIANB BUY AT: 866 SL: 840 TGT: 892 Holding Period: 30 Days
347,GOKEX,,2026-01-08,03:43,690.5,664.0,717.0,#POSITIONAL GOKEX BUY AT: 690.5 SL: 664 TGT: 717 Holding Period: 30 Days
346,ARSSBL,,2026-01-08,03:43,674.0,644.0,704.0,#POSITIONAL ARSSBL BUY AT: 674 SL: 644 TGT: 704 Holding Period: 30 Days
353,MTARTECH,,2026-01-12,03:42,2742.0,2620.0,2864.0,#POSITIONAL MTARTECH BUY AT: 2742 SL: 2620 TGT: 2864 Holding Period: 30 Days
352,CCL,,2026-01-12,03:42,948.0,905.0,991.0,#POSITIONAL CCL BUY AT: 948 SL: 905 TGT: 991 Holding Period: 30 Days
362,BALKRISIND,,2026-01-12,09:29,2410.0,2340.0,2480.0,#POSITIONAL BALKRISIND BUY AT: 2410 SL: 2340 TGT: 2480 Holding Period: 30 Days
361,DCMSHRIRAM,,2026-01-12,09:29,1183.0,1142.0,1224.0,#POSITIONAL DCMSHRIRAM BUY AT: 1183 SL: 1142 TGT: 1224 Holding Period: 30 Days
360,ULTRACEMCO,,2026-01-12,09:29,11957.0,11786.0,12128.0,#POSITIONAL ULTRACEMCO BUY AT: 11957 SL: 11786 TGT: 12128 Holding Period: 30 Days
359,APOLLOMICRO,,2026-01-12,09:29,250.0,239.0,261.0,#POSITIONAL APOLLOMICRO BUY AT: 250 SL: 239 TGT: 261 Holding Period: 30 Days
358,JSWENERGY,,2026-01-12,09:29,493.0,479.0,507.0,#POSITIONAL JSWENERGY BUY AT: 493 SL: 479 TGT: 507 Holding Period: 30 Days
357,HINDZINC,,2026-01-12,09:29,627.0,615.0,639.0,#POSITIONAL HINDZINC BUY AT: 627 SL: 615 TGT: 639 Holding Period: 30 Days
356,PFC,,2026-01-12,09:29,367.0,355.0,379.0,#POSITIONAL PFC BUY AT: 367 SL: 355 TGT: 379 Holding Period: 30 Days
355,ICICIBANK,,2026-01-12,09:29,1407.0,1390.0,1424.0,#POSITIONAL ICICIBANK BUY AT: 1407 SL: 1390 TGT: 1424 Holding Period: 30 Days
354,TORNTPOWER,,2026-01-12,09:29,1351.0,1304.0,1398.0,#POSITIONAL TORNTPOWER BUY AT: 1351 SL: 1304 TGT: 1398 Holding Period: 30 Days
363,HEXT,,2026-01-12,09:52,732.0,710.0,754.0,#POSITIONAL HEXT BUY AT: 732 SL: 710 TGT: 754 Holding Period: 30 Days
367,JSWSTEEL,,2026-01-13,03:41,1185.0,1146.0,1224.0,#POSITIONAL JSWSTEEL BUY AT: 1185 SL: 1146 TGT: 1224 Holding Period: 30 Days
366,GLENMARK,,2026-01-13,03:41,2021.0,1967.0,2075.0,#POSITIONAL GLENMARK BUY AT: 2021 SL: 1967 TGT: 2075 Holding Period: 30 Days
365,KEI,,2026-01-13,03:41,4385.0,4295.0,4475.0,#POSITIONAL KEI BUY AT: 4385 SL: 4295 TGT: 4475 Holding Period: 30 Days
364,TVSMOTOR,,2026-01-13,03:41,3771.0,3654.0,3888.0,#POSITIONAL TVSMOTOR BUY AT: 3771 SL: 3654 TGT: 3888 Holding Period: 30 Days
368,SOUTHBANK,,2026-01-14,08:19,42.0,41.5,43.68,#POSITIONAL SOUTHBANK BUY AT: 42 SL: 41.5 TGT: 43.68 Holding Period: 30 Days
370,RBLBANK,,2026-01-14,08:35,308.0,304.0,320.0,#POSITIONAL RBL BANK BUY ABOVE: 308 SL: 304 TGT: 320 Holding Period: 30 Days
369,SMLMAH,,2026-01-14,08:35,4400.0,4300.0,4600.0,#POSITIONAL SMLMAH BUY ABOVE: 4400 SL: 4300 TGT: 4600 Holding Period: 30 Days
371,BANKINDIA,,2026-01-21,03:51,161.0,159.5,165.5,#POSITIONAL BANKINDIA BUY ABOVE: 161 SL: 159.5 TGT: 165.5 Holding Period: 30 Days
372,ETERNAL,,2026-01-21,06:57,280.0,278.0,289.0,#POSITIONAL ETERNAL  BUY ABOVE: 280 SL: 278 TGT: 289 Holding Period: 30 Days
376,INDUSTOWER,,2026-01-22,03:40,417.6,409.0,434.80000000000007,#POSITIONAL INDUSTOWER BUY ABOVE: 417.6 SL: 409 TGT: 434.80000000000007 Holding Period: 30 Days
375,OIL,,2026-01-22,03:40,435.85,427.1,453.35,#POSITIONAL OIL BUY ABOVE: 435.85 SL: 427.1 TGT: 453.35 Holding Period: 30 Days
374,INDUSINDBK,,2026-01-22,03:40,911.0,892.0,949.0,#POSITIONAL INDUSINDBK BUY ABOVE: 911 SL: 892 TGT: 949 Holding Period: 30 Days
373,ASHOKLEY,,2026-01-22,03:40,183.2,179.5,190.59999999999997,#POSITIONAL ASHOKLEY BUY ABOVE: 183.2 SL: 179.5 TGT: 190.59999999999997 Holding Period: 30 Days
377,INDIANB,,2026-01-22,03:58,869.35,856.5,895.0,#POSITIONAL INDIANB BUY ABOVE: 869.35 SL: 856.5 TGT: 895 Holding Period: 30 Days
378,INDUSINDBK,,2026-01-23,04:10,916.2,899.0,950.5,#POSITIONAL INDUSINDBK BUY ABOVE: 916.2 SL: 899 TGT: 950.5 Holding Period: 30 Days
379,GESHIP,,2026-01-29,08:18,1184.0,1170.0,1231.0,#POSITIONAL GESHIP BUY AT: 1184 SL: 1170 TGT: 1231 Holding Period: 30 Days
383,ACUTAAS,,2026-02-03,03:28,1955.0,1915.0,2035.0,#POSITIONAL ACUTAAS BUY ABOVE: 1955 SL: 1915 TGT: 2035 Holding Period: 30 Days
382,GVT&D,,2026-02-03,03:28,3320.0,3253.0,3454.0,#POSITIONAL GVT&D BUY ABOVE: 3320 SL: 3253 TGT: 3454 Holding Period: 30 Days
381,ECLERX,,2026-02-03,03:28,4858.0,4760.0,5054.0,#POSITIONAL ECLERX BUY ABOVE: 4858 SL: 4760 TGT: 5054 Holding Period: 30 Days
380,SBIN,,2026-02-03,03:28,1031.0,1010.0,1073.0,#POSITIONAL SBIN BUY ABOVE: 1031 SL: 1010 TGT: 1073 Holding Period: 30 Days
384,BELRISE,,2026-02-04,03:46,182.0,178.0,192.0,#POSITIONAL BELRISE BUY ABOVE: 182 SL: 178 TGT: 192 Holding Period: 30 Days
385,ADANIPORTS,,2026-02-04,03:47,1537.0,1506.0,1614.5,#POSITIONAL ADANIPORTS BUY ABOVE: 1537 SL: 1506 TGT: 1614.5 Holding Period: 30 Days
386,MEDPLUS,,2026-02-04,04:12,870.0,852.6,913.5,#POSITIONAL MEDPLUS BUY ABOVE: 870 SL: 852.6 TGT: 913.5 Holding Period: 30 Days
387,WELSPUNLIV,,2026-02-04,04:40,147.0,144.0,154.5,#POSITIONAL WELSPUNLIV BUY ABOVE: 147 SL: 144 TGT: 154.5 Holding Period: 30 Days
391,SYRMA,,2026-02-06,03:38,865.0,847.0,899.0,#POSITIONAL SYRMA BUY ABOVE: 865 SL: 847 TGT: 899 Holding Period: 30 Days
390,SAILIFE,,2026-02-06,03:38,815.0,798.0,848.0,#POSITIONAL SAILIFE BUY ABOVE: 815 SL: 798 TGT: 848 Holding Period: 30 Days
389,EUREKAFORB,,2026-02-06,03:38,513.0,502.0,533.5,#POSITIONAL EUREKAFORB BUY ABOVE: 513 SL: 502 TGT: 533.5 Holding Period: 30 Days
388,EQUITASBNK,,2026-02-06,03:38,66.5,65.0,69.2,#POSITIONAL EQUITASBNK BUY ABOVE: 66.5 SL: 65 TGT: 69.2 Holding Period: 30 Days
392,AURIONPRO,,2026-02-06,07:08,925.0,900.0,960.0,#POSITIONAL AURIONPRO BUY ABOVE: 925 SL: 900 TGT: 960 Holding Period: 30 Days
393,TITAN,,2026-02-10,04:16,4315.0,4267.0,4495.0,#POSITIONAL TITAN BUY ABOVE: 4315 SL: 4267 TGT: 4495 Holding Period: 30 Days
394,AMAGI,,2026-02-10,04:24,393.0,380.0,419.0,#POSITIONAL AMAGI BUY ABOVE: 393 SL: 380 TGT: 419 Holding Period: 30 Days
395,GRASIM,,2026-02-10,05:10,2940.0,2900.0,3040.0,#POSITIONAL GRASIM BUY ABOVE: 2940 SL: 2900 TGT: 3040 Holding Period: 30 Days
396,MFSL,,2026-02-11,06:31,1750.0,1733.0,1821.4,#POSITIONAL MFSL BUY AT: 1750 SL: 1733 TGT: 1821.4 Holding Period: 30 Days
397,MUTHOOTFIN,,2026-02-13,03:57,3680.0,3605.0,3755.0,#POSITIONAL MUTHOOTFIN BUY AT: 3680 SL: 3605 TGT: 3755 Holding Period: 30 Days
399,BHEL,,2026-02-17,03:41,263.5,258.0,274.5,#POSITIONAL BHEL BUY ABOVE: 263.5 SL: 258 TGT: 274.5 Holding Period: 30 Days
398,VOLTAS,,2026-02-17,03:41,1540.0,1509.0,1571.0,#POSITIONAL VOLTAS BUY ABOVE: 1540 SL: 1509 TGT: 1571 Holding Period: 30 Days
402,AUBANK,,2026-02-19,03:40,1025.0,1004.0,1067.0,#POSITIONAL AUBANK BUY AT: 1025 SL: 1004 TGT: 1067 Holding Period: 30 Days
401,COLPAL,,2026-02-19,03:40,2208.0,2163.0,2298.0,#POSITIONAL COLPAL BUY AT: 2208 SL: 2163 TGT: 2298 Holding Period: 30 Days
400,THERMAX,,2026-02-19,03:40,3100.0,3038.0,3224.0,#POSITIONAL THERMAX BUY AT: 3100 SL: 3038 TGT: 3224 Holding Period: 30 Days
403,APOLLOTYRE,,2026-02-24,04:08,458.0,441.0,479.0,#POSITIONAL APOLLOTYRE BUY AT: 458 SL: 441 TGT: 479 Holding Period: 30 Days
405,BLUESTARCO,,2026-02-25,03:40,1968.0,1928.0,2048.0,#POSITIONAL BLUESTARCO BUY ABOVE: 1968 SL: 1928 TGT: 2048 Holding Period: 30 Days
404,BANKBARODA,,2026-02-25,03:40,314.5,306.0,327.1,#POSITIONAL BANKBARODA BUY AT: 314.5 SL: 306 TGT: 327.1 Holding Period: 30 Days
411,PAYTM,,2026-03-10,03:39,1042.0,1020.0,1086.0,#POSITIONAL PAYTM BUY AT: 1042 SL: 1020 TGT: 1086 Holding Period: 30 Days
410,AXISBANK,,2026-03-10,03:39,1292.0,1264.0,1348.0,#POSITIONAL AXISBANK BUY AT: 1292 SL: 1264 TGT: 1348 Holding Period: 30 Days
409,RATNAMANI,,2026-03-10,03:39,2350.0,2300.0,2450.0,#POSITIONAL RATNAMANI BUY AT: 2350 SL: 2300 TGT: 2450 Holding Period: 30 Days
408,LAURUSLABS,,2026-03-10,03:39,1027.0,1005.0,1071.0,#POSITIONAL LAURUSLABS BUY AT: 1027 SL: 1005 TGT: 1071 Holding Period: 30 Days
407,KEI,,2026-03-10,03:39,4875.0,4775.0,5075.0,#POSITIONAL KEI BUY AT: 4875 SL: 4775 TGT: 5075 Holding Period: 30 Days
406,DELHIVERY,,2026-03-10,03:39,418.0,409.0,436.0,#POSITIONAL DELHIVERY BUY AT: 418 SL: 409 TGT: 436 Holding Period: 30 Days
412,AVL,,2026-03-11,03:41,465.0,455.0,485.0,#POSITIONAL AVL BUY AT: 465 SL: 455 TGT: 485 Holding Period: 30 Days
414,SBILIFE,,2026-03-16,09:40,1918.0,1880.0,1956.0,#POSITIONAL SBILIFE BUY AT: 1918 SL: 1880 TGT: 1956 Holding Period: 30 Days
413,MARICO,,2026-03-16,09:40,753.0,738.0,768.0,#POSITIONAL MARICO BUY AT: 753 SL: 738 TGT: 768 Holding Period: 30 Days
420,GRWRHITECH,,2026-03-17,03:42,3876.0,3700.0,4052.0,#POSITIONAL GRWRHITECH BUY ABOVE: 3876 SL: 3700 TGT: 4052 Holding Period: 30 Days
419,ASHOKLEY,,2026-03-17,03:42,175.0,168.0,182.0,#POSITIONAL ASHOKLEY BUY ABOVE: 175 SL: 168 TGT: 182 Holding Period: 30 Days
418,LT,,2026-03-17,03:42,3495.0,3396.0,3594.0,#POSITIONAL LT BUY AT: 3495 SL: 3396 TGT: 3594 Holding Period: 30 Days
417,MTARTECH,,2026-03-17,03:42,3492.0,3309.0,3675.0,#POSITIONAL MTARTECH BUY AT: 3492 SL: 3309 TGT: 3675 Holding Period: 30 Days
416,ASTRAL,,2026-03-17,03:42,1638.0,1594.0,1682.0,#POSITIONAL ASTRAL BUY AT: 1638 SL: 1594 TGT: 1682 Holding Period: 30 Days
415,PRECWIRE,,2026-03-17,03:42,289.0,277.0,301.0,#POSITIONAL PRECWIRE BUY AT: 289 SL: 277 TGT: 301 Holding Period: 30 Days
423,SOLARINDS,,2026-03-18,03:42,14105.0,13740.0,14470.0,#POSITIONAL SOLARINDS BUY ABOVE: 14105 SL: 13740 TGT: 14470 Holding Period: 30 Days
422,LUPIN,,2026-03-18,03:42,2313.0,2251.0,2375.0,#POSITIONAL LUPIN BUY ABOVE: 2313 SL: 2251 TGT: 2375 Holding Period: 30 Days
421,CGPOWER,,2026-03-18,03:42,712.0,680.0,744.0,#POSITIONAL CGPOWER BUY ABOVE: 712 SL: 680 TGT: 744 Holding Period: 30 Days
424,DATAPATTNS,,2026-03-18,04:06,3260.0,3130.0,3390.0,#POSITIONAL DATAPATTNS BUY ABOVE: 3260 SL: 3130 TGT: 3390 Holding Period: 30 Days
428,BLUESTONE,,2026-03-18,04:18,562.0,548.0,590.0,#POSITIONAL BLUESTONE BUY AT: 562 SL: 548 TGT: 590 Holding Period: 30 Days
427,BLUESTONE,,2026-03-18,04:18,562.0,548.0,590.0,#POSITIONAL BLUESTONE BUY AT: 562 SL: 548 TGT: 590 Holding Period: 30 Days
426,BLUESTONE,,2026-03-18,04:18,562.0,548.0,590.0,#POSITIONAL BLUESTONE BUY AT: 562 SL: 548 TGT: 590 Holding Period: 30 Days
425,BLUESTONE,,2026-03-18,04:18,562.0,548.0,590.0,#POSITIONAL BLUESTONE BUY AT: 562 SL: 548 TGT: 590 Holding Period: 30 Days
430,ATGL,,2026-03-19,03:40,538.0,529.5,555.0,#POSITIONAL ATGL BUY AT: 538 SL: 529.5 TGT: 555 Holding Period: 30 Days
432,ACMESOLAR,,2026-03-19,04:05,263.0,260.0,272.0,#POSITIONAL ACMESOLAR BUY ABOVE: 263 SL: 260 TGT: 272 Holding Period: 30 Days
435,MARUTI,,2026-03-24,03:41,12501.0,11688.0,14001.0,#POSITIONAL MARUTI BUY ABOVE: 12501 SL: 11688 TGT: 14001 Holding Period: 30 Days
434,POLYCAB,,2026-03-24,03:41,6885.0,6750.0,7155.0,#POSITIONAL POLYCAB BUY ABOVE: 6885 SL: 6750 TGT: 7155 Holding Period: 30 Days
433,LT,,2026-03-24,03:41,3410.0,3188.0,3820.0,#POSITIONAL LT BUY ABOVE: 3410 SL: 3188 TGT: 3820 Holding Period: 30 Days
436,BAJFINANCE,,2026-03-24,03:42,819.0,802.0,853.0,#POSITIONAL BAJFINANCE BUY ABOVE: 819 SL: 802 TGT: 853 Holding Period: 30 Days
437,PREMIERENE,,2026-03-24,03:44,878.0,860.0,914.0,#POSITIONAL PREMIERENE BUY ABOVE: 878 SL: 860 TGT: 914 Holding Period: 30 Days
438,COFORGE,,2026-03-24,03:45,1108.0,1085.0,1154.0,#POSITIONAL COFORGE BUY ABOVE: 1108 SL: 1085 TGT: 1154 Holding Period: 30 Days
439,SBIN,,2026-03-24,03:46,1046.0,1025.0,1088.0,#POSITIONAL SBIN BUY ABOVE: 1046 SL: 1025 TGT: 1088 Holding Period: 30 Days
440,UNIONBANK,,2026-03-24,05:17,172.0,168.5,179.0,#POSITIONAL UNIONBANK BUY ABOVE: 172 SL: 168.5 TGT: 179 Holding Period: 30 Days
442,ASHOKLEY,,2026-03-24,08:36,167.5,164.15,174.2,#POSITIONAL ASHOKLEY BUY ABOVE: 167.5 SL: 164.15 TGT: 174.2 Holding Period: 30 Days
441,HINDALCO,,2026-03-24,08:36,858.0,840.0,894.0,#POSITIONAL HINDALCO BUY ABOVE: 858 SL: 840 TGT: 894 Holding Period: 30 Days
447,HDFCBANK,REVERSAL,2026-03-25,03:40,773.0,678.0,898.0,#REVERSAL HDFCBANK BUY ABOVE: 773 SL: 678 TGT: 898 Holding Period: 180 days
446,PERSISTENT,,2026-03-25,03:40,4928.0,4828.0,5128.0,#POSITIONAL PERSISTENT BUY ABOVE: 4928 SL: 4828 TGT: 5128 Holding Period: 30 Days
445,ACMESOLAR,,2026-03-25,03:40,251.0,246.0,261.0,#POSITIONAL ACMESOLAR BUY ABOVE: 251 SL: 246 TGT: 261 Holding Period: 30 Days
444,KIRLOSENG,,2026-03-25,03:40,1335.0,1308.0,1389.0,#POSITIONAL KIRLOSENG BUY ABOVE: 1335 SL: 1308 TGT: 1389 Holding Period: 30 Days
443,KARURVYSYA,,2026-03-25,03:40,276.25,270.5,287.75,#POSITIONAL KARURVYSYA BUY ABOVE: 276.25 SL: 270.5 TGT: 287.75 Holding Period: 30 Days
448,VOLTAS,,2026-03-25,03:43,1310.0,1220.0,1490.0,#POSITIONAL VOLTAS BUY ABOVE: 1310 SL: 1220 TGT: 1490 Holding Period: 30 Days
449,BPCL,,2026-03-25,03:45,286.0,278.0,296.0,#POSITIONAL BPCL BUY ABOVE: 286 SL: 278 TGT: 296 Holding Period: 30 Days
450,GRWRHITECH,,2026-03-25,03:46,3551.0,3480.0,3693.0,#POSITIONAL GRWRHITECH BUY ABOVE: 3551 SL: 3480 TGT: 3693 Holding Period: 30 Days
451,MOTHERSON,,2026-03-25,03:57,112.0,109.75,116.5,#POSITIONAL MOTHERSON BUY ABOVE: 112 SL: 109.75 TGT: 116.5 Holding Period: 30 Days
454,PAYTM,,2026-04-01,03:42,998.0,978.0,1038.0,#POSITIONAL PAYTM BUY ABOVE: 998 SL: 978 TGT: 1038 Holding Period: 30 Days
453,MAXESTATES,,2026-04-01,03:42,309.0,302.5,322.0,#POSITIONAL MAXESTATES BUY ABOVE: 309 SL: 302.5 TGT: 322 Holding Period: 30 Days
457,ASHOKLEYLAND,,2026-04-01,03:43,156.5,153.0,163.5,#POSITIONAL ASHOKLEYLAND BUY ABOVE: 156.5 SL: 153 TGT: 163.5 Holding Period: 30 Days
456,AVL,,2026-04-01,03:43,492.0,482.0,512.0,#POSITIONAL AVL BUY ABOVE: 492 SL: 482 TGT: 512 Holding Period: 30 Days
455,MTARTECH,,2026-04-01,03:43,3609.0,3533.0,3761.0,#POSITIONAL MTARTECH BUY ABOVE: 3609 SL: 3533 TGT: 3761 Holding Period: 30 Days
458,ENTERO,,2026-04-01,03:44,1258.0,1239.0,1296.0,#POSITIONAL ENTERO BUY ABOVE: 1258 SL: 1239 TGT: 1296 Holding Period: 30 Days
459,ACUTAAS,,2026-04-01,07:20,2330.0,2280.0,2430.0,#POSITIONAL ACUTAAS BUY ABOVE: 2330 SL: 2280 TGT: 2430 Holding Period: 30 Days
461,EIEL,,2026-04-02,03:43,157.0,155.0,163.0,#POSITIONAL EIEL BUY ABOVE: 157 SL: 155 TGT: 163 Holding Period: 30 Days
460,PREMIERENE,,2026-04-02,03:43,920.0,902.0,956.0,#POSITIONAL PREMIERENE BUY ABOVE: 920 SL: 902 TGT: 956 Holding Period: 30 Days
462,CPPLUS,,2026-04-02,04:13,1843.0,1812.0,1916.0,#POSITIONAL CPPLUS BUY ABOVE: 1843 SL: 1812 TGT: 1916 Holding Period: 30 Days
463,TCI,,2026-04-02,04:15,942.0,928.0,970.0,#POSITIONAL TCI BUY ABOVE: 942 SL: 928 TGT: 970 Holding Period: 30 Days
464,CUPID,,2026-04-02,04:45,86.8,85.5,90.3,#POSITIONAL CUPID BUY ABOVE: 86.8 SL: 85.5 TGT: 90.3 Holding Period: 30 Days
466,PAYTM,,2026-04-02,08:47,999.0,979.0,1039.0,#POSITIONAL PAYTM BUY ABOVE: 999 SL: 979 TGT: 1039 Holding Period: 30 Days
465,AXISCADES,,2026-04-02,08:47,1574.0,1542.0,1638.0,#POSITIONAL AXISCADES BUY ABOVE: 1574 SL: 1542 TGT: 1638 Holding Period: 30 Days
468,INDIANBANK,,2026-04-02,08:49,868.0,850.0,904.0,#POSITIONAL INDIANBANK BUY ABOVE: 868 SL: 850 TGT: 904 Holding Period: 30 Days
467,ANANDRATHI,,2026-04-02,08:49,3185.0,3120.0,3315.0,#POSITIONAL ANANDRATHI BUY ABOVE: 3185 SL: 3120 TGT: 3315 Holding Period: 30 Days
469,SHRIRAMFIN,,2026-04-02,09:06,893.0,875.0,929.0,#POSITIONAL SHRIRAMFIN BUY ABOVE: 893 SL: 875 TGT: 929 Holding Period: 30 Days
470,APARINDS,,2026-04-06,03:42,9961.0,9761.0,10361.0,#POSITIONAL APARINDS BUY ABOVE: 9961 SL: 9761 TGT: 10361 Holding Period: 30 Days
475,TITAN,,2026-04-07,03:43,4258.0,4235.0,4430.5,#POSITIONAL TITAN BUY ABOVE: 4258 SL: 4235 TGT: 4430.5 Holding Period: 30 Days
480,TCS,,2026-04-08,06:47,2568.0,2516.0,2672.0,#POSITIONAL TCS BUY ABOVE: 2568 SL: 2516 TGT: 2672 Holding Period: 30 Days
479,ICICIAMC,,2026-04-08,06:47,3162.0,3095.0,3296.0,#POSITIONAL ICICIAMC BUY ABOVE: 3162 SL: 3095 TGT: 3296 Holding Period: 30 Days
492,GROWW,,2026-04-22,03:42,217.0,212.0,227.0,#POSITIONAL GROWW BUY ABOVE: 217 SL: 212 TGT: 227 Holding Period: 30 Days
491,TIPSMUSIC,,2026-04-22,03:42,605.0,592.0,631.0,#POSITIONAL TIPSMUSIC BUY ABOVE: 605 SL: 592 TGT: 631 Holding Period: 30 Days
490,CRAMC,,2026-04-22,03:42,285.0,279.0,297.0,#POSITIONAL CRAMC BUY ABOVE: 285 SL: 279 TGT: 297 Holding Period: 30 Days
489,NAMINDIA,,2026-04-22,03:42,1062.0,1040.0,1106.0,#POSITIONAL NAM_INDIA BUY ABOVE: 1062 SL: 1040 TGT: 1106 Holding Period: 30 Days
488,KIRLPNU,,2026-04-22,03:42,1375.0,1347.0,1431.0,#POSITIONAL KIRLPNU BUY ABOVE: 1375 SL: 1347 TGT: 1431 Holding Period: 30 Days
487,BANKINDIA,,2026-04-22,03:42,151.5,148.0,158.5,#POSITIONAL BANKINDIA BUY ABOVE: 151.5 SL: 148 TGT: 158.5 Holding Period: 30 Days
486,HATSUN,,2026-04-22,03:42,985.0,965.0,1025.0,#POSITIONAL HATSUN BUY ABOVE: 985 SL: 965 TGT: 1025 Holding Period: 30 Days
485,GRAPHITE,,2026-04-22,03:42,760.0,744.0,792.0,#POSITIONAL GRAPHITE BUY ABOVE: 760 SL: 744 TGT: 792 Holding Period: 30 Days
493,PRICOLLTD,,2026-04-22,04:09,613.0,600.0,639.0,#POSITIONAL PRICOLLTD BUY ABOVE: 613 SL: 600 TGT: 639 Holding Period: 30 Days
494,ANURAS,,2026-04-22,05:50,1345.0,1318.0,1397.0,#POSITIONAL ANURAS BUY ABOVE: 1345 SL: 1318 TGT: 1397 Holding Period: 30 Days
495,IONEXCHANG,,2026-04-23,03:39,413.5,405.0,430.0,#POSITIONAL IONEXCHANG BUY ABOVE: 413.5 SL: 405 TGT: 430 Holding Period: 30 Days
498,AVANTIFEED,,2026-04-24,03:39,1490.0,1460.0,1550.0,#POSITIONAL AVANTIFEED BUY ABOVE: 1490 SL: 1460 TGT: 1550 Holding Period: 30 Days
497,CUPID,,2026-04-24,03:39,115.25,113.0,120.0,#POSITIONAL CUPID BUY ABOVE: 115.25 SL: 113 TGT: 120 Holding Period: 30 Days
496,360ONE,,2026-04-24,03:39,1057.0,1035.0,1101.0,#POSITIONAL 360ONE BUY ABOVE: 1057 SL: 1035 TGT: 1101 Holding Period: 30 Days
499,EBGNG,,2026-04-24,09:25,585.0,573.0,609.0,#POSITIONAL EBGNG BUY ABOVE: 585 SL: 573 TGT: 609 Holding Period: 30 Days
502,CUMMINSIND,,2026-04-27,03:41,5251.0,5145.98,5461.040000000001,#POSITIONAL CUMMINSIND BUY ABOVE: 5251 SL: 5145.98 TGT: 5461.040000000001 Holding Period: 30 Days
501,CPPLUS,,2026-04-27,03:41,2301.0,2255.0,2393.0,#POSITIONAL CPPLUS BUY ABOVE: 2301 SL: 2255 TGT: 2393 Holding Period: 30 Days
500,APTUS,,2026-04-27,03:41,259.0,253.0,271.0,#POSITIONAL APTUS BUY ABOVE: 259 SL: 253 TGT: 271 Holding Period: 30 Days
512,KIRLPNU,,2026-04-28,03:44,1511.0,1480.0,1573.0,#POSITIONAL KIRLPNU BUY ABOVE: 1511 SL: 1480 TGT: 1573 Holding Period: 30 Days
513,GARWARE,,2026-04-29,03:41,4039.0,3958.0,4201.0,#POSITIONAL GARWARE BUY ABOVE: 4039 SL: 3958 TGT: 4201 Holding Period: 30 Days
514,BALKRISIND,,2026-05-08,06:50,2295.0,2249.0,2387.0,#POSITIONAL BALKRISIND BUY ABOVE: 2295 SL: 2249 TGT: 2387 Holding Period: 30 Days
516,BAJAJFINSV,,2026-06-03,03:39,1755.0,1719.0,1825.0,#POSITIONAL BAJAJFINSV BUY ABOVE: 1755 SL: 1719 TGT: 1825 Holding Period: 30 Days
515,WELCORP,,2026-06-03,03:39,1392.0,1364.0,1447.0,#POSITIONAL WELCORP BUY ABOVE: 1392 SL: 1364 TGT: 1447 Holding Period: 30 Days
520,JBCHEPHARM,,2026-06-03,03:40,2136.0,2093.0,2221.0,#POSITIONAL JBCHEPHARM BUY ABOVE: 2136 SL: 2093 TGT: 2221 Holding Period: 30 Days
519,THYROCARE,,2026-06-03,03:40,523.0,512.0,543.0,#POSITIONAL THYROCARE BUY ABOVE: 523 SL: 512 TGT: 543 Holding Period: 30 Days
518,KIRLPNU,,2026-06-03,03:40,1586.0,1554.0,1649.0,#POSITIONAL KIRLPNU BUY ABOVE: 1586 SL: 1554 TGT: 1649 Holding Period: 30 Days
517,AIAENG,,2026-06-03,03:40,4563.0,4471.0,4745.0,#POSITIONAL AIAENG BUY ABOVE: 4563 SL: 4471 TGT: 4745 Holding Period: 30 Days
527,CUMMINSIND,,2026-06-10,05:33,5692.0,5578.0,5920.0,#POSITIONAL CUMMINSIND BUY ABOVE: 5692 SL: 5578 TGT: 5920 Holding Period: 30 Days
526,SJS,,2026-06-10,05:33,2122.0,2079.0,2208.0,#POSITIONAL SJS BUY ABOVE: 2122 SL: 2079 TGT: 2208 Holding Period: 30 Days
532,BIRLACORPN,,2026-06-12,03:43,932.0,913.0,970.0,#POSITIONAL BIRLACORPN BUY ABOVE: 932 SL: 913 TGT: 970 Holding Period: 30 Days
531,DODLA,,2026-06-12,03:43,1073.0,1051.0,1117.0,#POSITIONAL DODLA BUY ABOVE: 1073 SL: 1051 TGT: 1117 Holding Period: 30 Days
530,DCMSHRIRAM,,2026-06-12,03:43,1036.0,1015.0,1078.0,#POSITIONAL DCMSHRIRAM BUY ABOVE: 1036 SL: 1015 TGT: 1078 Holding Period: 30 Days
529,CONCORDBIO,,2026-06-12,03:43,1350.0,1323.0,1404.0,#POSITIONAL CONCORDBIO BUY ABOVE: 1350 SL: 1323 TGT: 1404 Holding Period: 30 Days
528,GREENPLY,,2026-06-12,03:43,299.0,293.0,311.0,#POSITIONAL GREENPLY BUY ABOVE: 299 SL: 293 TGT: 311 Holding Period: 30 Days
536,PRINCEPIPE,,2026-06-15,03:41,279.0,273.0,291.0,#POSITIONAL PRINCEPIPE BUY ABOVE: 279 SL: 273 TGT: 291 Holding Period: 30 Days
535,E2E,,2026-06-15,03:41,395.0,387.0,411.0,#POSITIONAL E2E BUY ABOVE: 395 SL: 387 TGT: 411 Holding Period: 30 Days
534,JINDALSTEL,,2026-06-15,03:41,1151.0,1127.0,1199.0,#POSITIONAL JINDALSTEL BUY ABOVE: 1151 SL: 1127 TGT: 1199 Holding Period: 30 Days
533,APOLLO,,2026-06-15,03:41,415.0,406.0,433.0,#POSITIONAL APOLLO BUY ABOVE: 415 SL: 406 TGT: 433 Holding Period: 30 Days
537,GRWRHITECH,,2026-06-15,04:45,6240.0,6115.0,6490.0,#POSITIONAL GRWRHITECH BUY ABOVE: 6240 SL: 6115 TGT: 6490 Holding Period: 30 Days
539,AEGISLOG,,2026-06-15,06:16,977.0,957.0,1017.0,#POSITIONAL AEGISLOG BUY ABOVE: 977 SL: 957 TGT: 1017 Holding Period: 30 Days
541,SMCGLOBAL,,2026-06-16,03:38,74.0,72.5,77.0,#POSITIONAL SMCGLOBAL BUY ABOVE: 74 SL: 72.5 TGT: 77 Holding Period: 30 Days
540,AVL,,2026-06-16,03:38,571.0,559.0,595.0,#POSITIONAL AVL BUY ABOVE: 571 SL: 559 TGT: 595 Holding Period: 30 Days
542,CONCOR,,2026-06-17,03:37,467.0,457.0,486.0,#POSITIONAL CONCOR BUY ABOVE: 467 SL: 457 TGT: 486 Holding Period: 30 Days
543,PRUDENT,,2026-06-18,03:43,3061.0,2999.0,3185.0,#POSITIONAL PRUDENT BUY ABOVE: 3061 SL: 2999 TGT: 3185 Holding Period: 30 Days
544,CPPLUS,,2026-06-18,03:50,3415.0,3346.0,3553.0,#POSITIONAL CPPLUS BUY ABOVE: 3415 SL: 3346 TGT: 3553 Holding Period: 30 Days
545,AVALON,,2026-06-18,03:54,1788.0,1752.0,1860.0,#POSITIONAL AVALON BUY ABOVE: 1788 SL: 1752 TGT: 1860 Holding Period: 30 Days
550,LAURUSLABS,,2026-06-22,03:40,1425.0,1396.0,1483.0,#POSITIONAL LAURUSLABS BUY ABOVE: 1425 SL: 1396 TGT: 1483 Holding Period: 30 Days
549,JSWSTEEL,,2026-06-22,03:40,1296.0,1270.0,1348.0,#POSITIONAL JSWSTEEL BUY ABOVE: 1296 SL: 1270 TGT: 1348 Holding Period: 30 Days
548,NAUKRI,,2026-06-22,03:40,989.0,969.0,1029.0,#POSITIONAL NAUKRI BUY ABOVE: 989 SL: 969 TGT: 1029 Holding Period: 30 Days
547,APOLLOHOSP,,2026-06-22,03:40,8522.0,8351.0,8864.0,#POSITIONAL APOLLOHOSP BUY ABOVE: 8522 SL: 8351 TGT: 8864 Holding Period: 30 Days
546,BLUESTONE,,2026-06-22,03:40,525.0,514.0,547.0,#POSITIONAL BLUESTONE BUY ABOVE: 525 SL: 514 TGT: 547 Holding Period: 30 Days
551,USHAMART,,2026-06-23,03:41,483.0,473.0,503.0,#POSITIONAL USHAMART BUY ABOVE: 483 SL: 473 TGT: 503 Holding Period: 30 Days
552,ACUTAAS,,2026-06-29,03:43,3316.0,3249.0,3450.0,#POSITIONAL ACUTAAS BUY ABOVE: 3316 SL: 3249 TGT: 3450 Holding Period: 30 Days
556,TVSSCS,,2026-06-30,03:41,133.0,130.0,139.0,#POSITIONAL TVSSCS BUY ABOVE: 133 SL: 130 TGT: 139 Holding Period: 30 Days
555,AUBANK,,2026-06-30,03:41,1040.0,1019.0,1082.0,#POSITIONAL AUBANK BUY ABOVE: 1040 SL: 1019 TGT: 1082 Holding Period: 30 Days
554,GARFIBRES,,2026-06-30,03:41,760.0,744.0,792.0,#POSITIONAL GARFIBRES BUY ABOVE: 760 SL: 744 TGT: 792 Holding Period: 30 Days
553,360ONE,,2026-06-30,03:41,1098.0,1076.0,1142.0,#POSITIONAL 360ONE BUY ABOVE: 1098 SL: 1076 TGT: 1142 Holding Period: 30 Days
557,GENUSPOWER,,2026-06-30,03:44,295.5,289.0,308.5,#POSITIONAL GENUSPOWER BUY ABOVE: 295.5 SL: 289 TGT: 308.5 Holding Period: 30 Days
558,TEST,,2026-07-01,03:15,10.0,4.0,14.0,#POSITIONAL TEST BUY ABOVE: 10 SL: 4 (DAY-CLOSING BASIS) TGT: 14 Holding Period: 30 Days
570,KRISHANA,,2026-07-01,03:39,699.0,685.0,727.0,#POSITIONAL KRISHANA BUY ABOVE: 699 SL: 685 (DAY-CLOSING BASIS) TGT: 727 Holding Period: 30 Days
569,PREMIERENE,,2026-07-01,03:39,1056.0,1034.0,1100.0,#POSITIONAL PREMIERENE BUY ABOVE: 1056 SL: 1034 (DAY-CLOSING BASIS) TGT: 1100 Holding Period: 30 Days
568,INDHOTEL,,2026-07-01,03:39,719.0,704.0,749.0,#POSITIONAL INDHOTEL BUY ABOVE: 719 SL: 704 (DAY-CLOSING BASIS) TGT: 749 Holding Period: 30 Days
567,BANDHANBNK,,2026-07-01,03:39,206.0,201.5,214.5,#POSITIONAL BANDHANBNK BUY ABOVE: 206 SL: 201.5 (DAY-CLOSING BASIS) TGT: 214.5 Holding Period: 30 Days
566,AZAD,,2026-07-01,03:39,2064.0,2022.0,2148.0,#POSITIONAL AZAD BUY ABOVE: 2064 SL: 2022 (DAY-CLOSING BASIS) TGT: 2148 Holding Period: 30 Days
565,RAINBOW,,2026-07-01,03:39,1431.0,1402.0,1489.0,#POSITIONAL RAINBOW BUY ABOVE: 1431 SL: 1402 (DAY-CLOSING BASIS) TGT: 1489 Holding Period: 30 Days
564,HINDPETRO,,2026-07-01,03:39,396.0,388.0,412.0,#POSITIONAL HINDPETRO BUY ABOVE: 396 SL: 388 (DAY-CLOSING BASIS) TGT: 412 Holding Period: 30 Days
563,BHARATFORG,,2026-07-01,03:39,2167.0,2123.0,2255.0,#POSITIONAL BHARATFORG BUY ABOVE: 2167 SL: 2123 (DAY-CLOSING BASIS) TGT: 2255 Holding Period: 30 Days
562,ENDURANCE,,2026-07-01,03:39,2681.0,2627.0,2789.0,#POSITIONAL ENDURANCE BUY ABOVE: 2681 SL: 2627 (DAY-CLOSING BASIS) TGT: 2789 Holding Period: 30 Days
561,IIFLCAPS,,2026-07-01,03:39,340.0,333.0,354.0,#POSITIONAL IIFLCAPS BUY ABOVE: 340 SL: 333 (DAY-CLOSING BASIS) TGT: 354 Holding Period: 30 Days
560,ETERNAL,,2026-07-01,03:39,267.0,261.0,279.0,#POSITIONAL ETERNAL BUY ABOVE: 267 SL: 261 (DAY-CLOSING BASIS) TGT: 279 Holding Period: 30 Days
559,POLYMED,,2026-07-01,03:39,1699.0,1665.0,1767.0,#POSITIONAL POLYMED BUY ABOVE: 1699 SL: 1665 (DAY-CLOSING BASIS) TGT: 1767 Holding Period: 30 Days
573,DMART,,2026-07-02,03:39,4375.0,4287.0,4551.0,#POSITIONAL DMART BUY ABOVE: 4375 SL: 4287 (DAY-CLOSING BASIS) TGT: 4551 Holding Period: 30 Days
572,ZYDUSWELL,,2026-07-02,03:39,574.0,562.0,598.0,#POSITIONAL ZYDUSWELL BUY ABOVE: 574 SL: 562 (DAY-CLOSING BASIS) TGT: 598 Holding Period: 30 Days
571,APTUS,,2026-07-02,03:39,289.0,283.0,301.0,#POSITIONAL APTUS BUY ABOVE: 289 SL: 283 (DAY-CLOSING BASIS) TGT: 301 Holding Period: 30 Days
577,POLYCAB,,2026-07-03,03:39,9755.0,9559.0,10147.0,#POSITIONAL POLYCAB BUY ABOVE: 9755 SL: 9559 (DAY-CLOSING BASIS) TGT: 10147 Holding Period: 30 Days
576,JASH,,2026-07-03,03:39,510.0,499.0,532.0,#POSITIONAL JASH BUY ABOVE: 510 SL: 499 (DAY-CLOSING BASIS) TGT: 532 Holding Period: 30 Days
575,IDFCFIRSTB,,2026-07-03,03:39,80.0,78.4,83.19999999999999,#POSITIONAL IDFCFIRSTB BUY ABOVE: 80 SL: 78.4 (DAY-CLOSING BASIS) TGT: 83.19999999999999 Holding Period: 30 Days
574,GULFOILLUB,,2026-07-03,03:39,1054.0,1032.0,1098.0,#POSITIONAL GULFOILLUB BUY ABOVE: 1054 SL: 1032 (DAY-CLOSING BASIS) TGT: 1098 Holding Period: 30 Days
580,VOLTAMP,,2026-07-03,03:40,9956.0,9756.0,10356.0,#POSITIONAL VOLTAMP BUY ABOVE: 9956 SL: 9756 (DAY-CLOSING BASIS) TGT: 10356 Holding Period: 30 Days
579,RRKABEL,,2026-07-03,03:40,2410.0,2361.0,2508.0,#POSITIONAL RRKABEL BUY ABOVE: 2410 SL: 2361 (DAY-CLOSING BASIS) TGT: 2508 Holding Period: 30 Days
578,QPOWER,,2026-07-03,03:40,1219.0,1194.0,1269.0,#POSITIONAL QPOWER BUY ABOVE: 1219 SL: 1194 (DAY-CLOSING BASIS) TGT: 1269 Holding Period: 30 Days
585,CARBORUNIV,,2026-07-06,03:39,1148.0,1125.0,1194.0,#POSITIONAL CARBORUNIV BUY ABOVE: 1148 SL: 1125 (DAY-CLOSING BASIS) TGT: 1194 Holding Period: 30 Days
584,WELSPLSOL,,2026-07-06,03:39,54.0,52.9,56.2,#POSITIONAL WELSPLSOL BUY ABOVE: 54 SL: 52.9 (DAY-CLOSING BASIS) TGT: 56.2 Holding Period: 30 Days
583,RAYMONDREL,,2026-07-06,03:39,709.0,694.0,739.0,#POSITIONAL RAYMONDREL BUY ABOVE: 709 SL: 694 (DAY-CLOSING BASIS) TGT: 739 Holding Period: 30 Days
582,ABB,,2026-07-06,03:39,6976.0,6836.0,7256.0,#POSITIONAL ABB BUY ABOVE: 6976 SL: 6836 (DAY-CLOSING BASIS) TGT: 7256 Holding Period: 30 Days
581,AGI,,2026-07-06,03:39,715.0,700.0,745.0,#POSITIONAL AGI BUY ABOVE: 715 SL: 700 (DAY-CLOSING BASIS) TGT: 745 Holding Period: 30 Days
586,KIRLOSENG,,2026-07-06,03:41,2345.0,2298.0,2439.0,#POSITIONAL KIRLOSENG BUY ABOVE: 2345 SL: 2298 (DAY-CLOSING BASIS) TGT: 2439 Holding Period: 30 Days
587,PARAS,,2026-07-06,04:11,1355.0,1327.0,1411.0,#POSITIONAL PARAS BUY ABOVE: 1355 SL: 1327 (DAY-CLOSING BASIS) TGT: 1411 Holding Period: 30 Days
591,GRINDWELL,,2026-07-07,03:40,2104.0,2061.0,2190.0,#POSITIONAL GRINDWELL BUY ABOVE: 2104 SL: 2061 (DAY-CLOSING BASIS) TGT: 2190 Holding Period: 30 Days
590,SIEMENS,,2026-07-07,03:40,3584.0,3512.0,3728.0,#POSITIONAL SIEMENS BUY ABOVE: 3584 SL: 3512 (DAY-CLOSING BASIS) TGT: 3728 Holding Period: 30 Days
589,GARFIBRES,,2026-07-07,03:40,734.0,719.0,764.0,#POSITIONAL GARFIBRES BUY ABOVE: 734 SL: 719 (DAY-CLOSING BASIS) TGT: 764 Holding Period: 30 Days
588,AIAENG,,2026-07-07,03:40,4829.0,4732.0,5023.0,#POSITIONAL AIAENG BUY ABOVE: 4829 SL: 4732 (DAY-CLOSING BASIS) TGT: 5023 Holding Period: 30 Days
592,UNITDSPR,,2026-07-08,03:42,1442.0,1413.0,1500.0,#POSITIONAL UNITDSPR BUY ABOVE: 1442 SL: 1413 (DAY-CLOSING BASIS) TGT: 1500 Holding Period: 30 Days
593,SOUTHBANK,,2026-07-08,04:05,43.25,42.385,44.980000000000004,#POSITIONAL SOUTHBANK BUY ABOVE: 43.25 SL: 42.385 (DAY-CLOSING BASIS) TGT: 44.980000000000004 Holding Period: 30 Days
594,JBCHEPHARM,,2026-07-13,03:38,2445.0,2396.0,2543.0,#POSITIONAL JBCHEPHARM BUY ABOVE: 2445 SL: 2396 (DAY-CLOSING BASIS) TGT: 2543 Holding Period: 30 Days
595,PIDILITIND,,2026-07-14,03:40,1584.0,1552.0,1648.0,#POSITIONAL PIDILITIND BUY ABOVE: 1584 SL: 1552 (DAY-CLOSING BASIS) TGT: 1648 Holding Period: 30 Days
597,HIRECT,,2026-07-15,03:39,1070.0,1048.0,1114.0,#POSITIONAL HIRECT BUY ABOVE: 1070 SL: 1048 (DAY-CLOSING BASIS) TGT: 1114 Holding Period: 30 Days
596,ECLERX,,2026-07-15,03:39,1724.0,1689.0,1794.0,#POSITIONAL ECLERX BUY ABOVE: 1724 SL: 1689 (DAY-CLOSING BASIS) TGT: 1794 Holding Period: 30 Days
600,ASTRAMICRO,,2026-07-16,03:40,1801.0,1764.0,1875.0,#POSITIONAL ASTRAMICRO BUY ABOVE: 1801 SL: 1764 (DAY-CLOSING BASIS) TGT: 1875 Holding Period: 30 Days
599,JINDALSAW,,2026-07-16,03:40,258.0,252.84,268.32,#POSITIONAL JINDALSAW BUY ABOVE: 258 SL: 252.84 (DAY-CLOSING BASIS) TGT: 268.32 Holding Period: 30 Days
598,INGERRAND,,2026-07-16,03:40,4444.0,4355.0,4622.0,#POSITIONAL INGERRAND BUY ABOVE: 4444 SL: 4355 (DAY-CLOSING BASIS) TGT: 4622 Holding Period: 30 Days
603,GABRIEL,,2026-07-17,03:41,1374.0,1346.0,1430.0,#POSITIONAL GABRIEL BUY ABOVE: 1374 SL: 1346 (DAY-CLOSING BASIS) TGT: 1430 Holding Period: 30 Days
602,DELHIVERY,,2026-07-17,03:41,502.0,491.0,524.0,#POSITIONAL DELHIVERY BUY ABOVE: 502 SL: 491 (DAY-CLOSING BASIS) TGT: 524 Holding Period: 30 Days
601,HCG,,2026-07-17,03:41,663.0,649.0,691.0,#POSITIONAL HCG BUY ABOVE: 663 SL: 649 (DAY-CLOSING BASIS) TGT: 691 Holding Period: 30 Days
605,HINDZINC,REVERSAL,2026-07-20,03:38,521.0,510.0,543.0,#REVERSAL HINDZINC BUY ABOVE: 521 SL: 510 (DAY-CLOSING BASIS) TGT: 543 Holding Period: 30 days
604,GODREJIND,PULLBACK,2026-07-20,03:38,1346.0,1319.0,1400.0,#PULLBACK GODREJIND BUY ABOVE: 1346 SL: 1319 (DAY-CLOSING BASIS) TGT: 1400 Holding Period: 30 Days
608,LXCHEM,MOMENTUM,2026-07-21,03:39,180.0,176.0,188.0,#MOMENTUM LXCHEM BUY ABOVE: 180 SL: 176 (DAY-CLOSING BASIS) TGT: 188 Holding Period: 30 days
607,SHRIRAMFIN,PULLBACK,2026-07-21,03:39,1041.0,999.0,1103.0,#PULLBACK SHRIRAMFIN BUY ABOVE: 1041 SL: 999 (DAY-CLOSING BASIS) TGT: 1103 Holding Period: 30 Days
606,TARIL,REVERSAL,2026-07-21,03:39,335.0,328.0,349.0,#REVERSAL TARIL BUY ABOVE: 335 SL: 328 (DAY-CLOSING BASIS) TGT: 349 Holding Period: 30 days
609,MINDACORP,PULLBACK,2026-07-22,03:40,684.0,670.0,712.0,#PULLBACK MINDACORP BUY ABOVE: 684 SL: 670 (DAY-CLOSING BASIS) TGT: 712 Holding Period: 30 Days
